codigo,nome,descricao,categoria,tipo,marca,custo_medio,margem_lucro,valor_venda,valor_locacao,unidade,estoque_atual,estoque_minimo,localizacao,ncm,ean,cfop,cst,origem,icms,ipi,pis,cofins,observacoes_fiscais,imagem_principal,galeria_imagens,videos_youtube,especificacoes,status
UROVO-DT610,DT610 RFID Mobile Computer,"O DT610 combina o design de nível de smartphone com o desempenho de nível industrial para oferecer o futuro da captura de dados móvel. Com RFID UHF de curto alcance incorporado, um ecrã FHD+ vívido de 6 polegadas e conetividade extremamente rápida (5G, Wi-Fi 7), permite que a sua equipa se mova mais rapidamente, digitalize de forma mais inteligente e opere em qualquer lugar. Pesando quase nada, mas repleto de potência - é o companheiro ideal para operações de retalho, logística, armazenamento e no terreno. Apoiado pelo Android 15 (atualizável para 19), opções de bateria hot-swappable e rastreio UWB avançado, o DT610 está pronto para tudo o que o seu dia exigir.",RFID,venda,Urovo,,,,,un,,,,,,,,,,,,,,https://urovo-emea.com/wp-content/uploads/2025/05/urovo_dt610_launch1080x1080_1.webp,https://urovo-emea.com/wp-content/uploads/2025/05/urovo_dt610_launch1080x1080_4-416x416.webp|https://urovo-emea.com/wp-content/uploads/2025/05/urovo_dt610_launch1080x1080_3-416x416.webp|https://urovo-emea.com/wp-content/uploads/2025/05/urovo_dt610_back-416x416.webp,,"Processador:Octa-Core 2.7GHz|OS:Android 15 (atualizável para 19)|Memória:RAM 8GB ROM 128GB|Ecrã:6.0 polegadas FHD+|Conectividade:5G, Wi-Fi 7, Bluetooth, NFC, GPS|Bateria:4000mAh (standard) ou 6000mAh (Premium), Hot-swap|Leitor RFID:UHF de curto alcance (até 1.5m)|Leitor de Código de Barras:2D Scanner (opcional)|Classificação IP:IP67",ativo
UROVO-K180,Urovo K180,"O novo Urovo K180 combina um design elegante com digitalização de alto desempenho para oferecer uma solução potente e leve para ambientes de retalho, armazenamento e mobilidade. Com descodificação de precisão, bateria com duração para todo o dia e conetividade Bluetooth sem falhas, é tudo o que precisa embalado em apenas 95 gramas.

**Digitalização Rápida, Precisa e Versátil**
Alimentado por um sensor de imagem CMOS de 1280×1080 e algoritmos de descodificação avançados, o K180 digitaliza códigos de barras 1D e 2D instantaneamente—mesmo em:
*   Códigos danificados ou distorcidos
*   Ecrãs e superfícies laminadas
*   Etiquetas com pouco contraste ou curvas
Desfrute de uma descodificação ao nível dos milissegundos que mantém as suas operações a funcionar à velocidade máxima.

**Design Elegante, Aderência sem Esforço**
Com o seu design ergonómico suave, em forma de baleia, o K180 cabe confortavelmente na sua mão, tornando-o ideal para ambientes de digitalização de grande volume. O seu formato compacto reduz o esforço durante uma utilização prolongada - leve, com apenas 95 g, mas pronto para cargas de trabalho pesadas.

**Liberdade Sem Fios, Sem Complicações**
A ligação Bluetooth 5.2 proporciona-lhe um emparelhamento perfeito com smartphones, tablets, computadores portáteis e de secretária até 80 metros em espaço aberto. Os modos flexíveis de sincronização, assíncrono e em lote garantem-lhe uma integração suave em qualquer fluxo de trabalho.

**Modo Mãos-Livres + Base de Carregamento**
Liberte as suas mãos com o modo de digitalização com deteção automática através da base incluída: digitalize e carregue em simultâneo para lidar com tarefas de alta frequência sem o tempo de inatividade.",Scanner,venda,Urovo,,,,,un,,,,,,,,,,,,,,https://urovo-emea.com/wp-content/uploads/2024/05/k180_front_side_1080x1080.webp,https://urovo-emea.com/wp-content/uploads/2024/05/k180_side_1080x1080.webp|https://urovo-emea.com/wp-content/uploads/2024/05/k180_top_1080x1080.webp,,"Sensor de imagem:1280*1080 CMOS 60 fotogramas por segundo|Iluminação:LED branco|Aimer:laser 650nm mira vermelha|Capacidades de descodificação:1D: UPC-A, UPC-E, EAN-8, EAN-13, ISBN, Código 128, GS1 128, ISBT 128, Código 39, Código93, Código 11, Interleaved 2 of 5,Industrial 2 of 5, Matrix 25, Standard 25, Codabar, MSI/MSI PLESSEY, GS1 DataBar, etc. 2D: Código QR, PDF417, DataMatrix (ECC200), Micro QR, Código Hanxin, Maxi Code, Aztec, etc.|Resolução:≥3mil|Dimensões:138.5mm × 42.3mm × 36.9mm|Peso:95g|Feedback de digitalização:Motor de vibração, campainha e indicador LED|Ângulo de varrimento:Rolamento 360° Inclinação ±60° Inclinação ±60°|Bateria:2.500mAh|Conectividade sem fios:Bluetooth 5.2 Alcance do rádio: 80m (linha de visão direta ao ar livre)*|Comunicação:Modo síncrono Modo assíncrono Modo batch|Parâmetros ambientais:Temperatura de funcionamento: 0~50°C Temperatura de armazenamento: -40~70°C Humidade: 5%~95%(sem condensação) Imunidade à luz ambiente: 0~100000 LUX ESD: ±15kV descarga de ar, ±8kV descarga direta",ativo
UROVO-RFG91,RFG91 Lightweight UHF RFID Sled,"O RFG91 não é apenas um acessório — é um upgrade completo. Com poderosas capacidades de RFID e código de barras, coleta de dados ultrarrápida e compatibilidade universal com dispositivos, o RFG91 transforma qualquer smartphone ou tablet em um scanner empresarial de alto desempenho.
**Transforme Seu Smartphone em uma Potência de Coleta de Dados Profissional**
Alterne entre a leitura RFID, a leitura de código de barras ou o modo combinado com o toque de um botão. O RFG91 se adapta a cada tarefa, transformando seu dispositivo móvel em uma ferramenta de nível profissional para inventário, logística e operações de campo.
**Desempenho RFID Rápido, Preciso e de Longo Alcance**
Construído com o **chip Impinj E710** e suportando **Impinj Gen2X**, o RFG91 alcança:
*   **Taxa de leitura de mais de 1300 tags/seg**
*   **Alcance de leitura de mais de 15m**
*   Suporte para os padrões **ISO 18000-6C / EPC Gen2**
Faça mais com menos leituras — e sem tags perdidas.
**Conectividade Bluetooth Sem Emendas**
Emparelhe facilmente com praticamente qualquer dispositivo móvel: Android, iOS ou Windows — usando um dos três modos de emparelhamento:
*   **NFC tap-to-pair**
*   **Pesquisa de dispositivo Bluetooth**
*   **Leitura de código de barras para conectar**
**Conforto Leve Encontra Durabilidade Robusta**
Com apenas 390g, o RFG91 é construído para uso durante todo o dia com uma empunhadura ergonômica e alça de pulso incluída para estabilidade extra. Apesar de seu design leve, ele possui certificação IP67 e é testado contra quedas de 1,5m, pronto para ambientes difíceis.",RFID,venda,Urovo,,,,,un,,,,,,,,,,,,,,https://urovo-emea.com/wp-content/uploads/2025/04/rfg91_front_2_1080x1080.webp,https://urovo-emea.com/wp-content/uploads/2025/04/rfg91_front_side_1080x1080.webp|https://urovo-emea.com/wp-content/uploads/2025/04/rfg91_topdown_1080x1080.webp|https://urovo-emea.com/wp-content/uploads/2025/04/rfg91_front_1080x1080.webp,,"Supported Standards:EPC Global Class1 Gen2/ISO 18000-6C|Frequency Range:902-928MHz 865-868MHz|Read Range:Over 15 meters\*|Read Rate:1300+ tags/sec\*|Interface:USB-C|Dimensions:147.7mm × 141.7mm × 80mm|Weight:390g|Power:Rechargeable, removable 5,00mAh battery (standard) 6,700mAh (optional)|Buttons:Power, Bluetooth Reset, Mode|LED indicators:Power Indicator Light Decoding Status Lights\*2 Bluetooth Reset Light\*1 Mode Light\*1|Sealing:IP67 dustproof and waterproof 1.5m drop resistance|Environmental parameters:Operating Temperature (Standard version): – 20°C~60°C Storage Temperature: – 40°C~70°C Humidity: 5%RH ~ 95%RH (non condensing)",ativo
UROVO-DT50P-LITE,Leitor de código de barras DT50P Lite,"O DT50P Lite redefine o que um dispositivo portátil de RFID UHF pode ser - leve, mas robusto, poderoso, mas eficiente. Construído para ambientes empresariais exigentes, oferece um desempenho RFID excecional e conforto ergonómico para manter a sua força de trabalho ágil, rápida e produtiva durante todo o dia. Com apenas 498 g, o DT50P Lite foi concebido para uma utilização prolongada. A sua forma ergonómica e bem equilibrada garante um manuseamento sem esforço - perfeito para tarefas de digitalização intensivas em logística, retalho, cuidados de saúde e gestão de inventário. Equipado com o chip Impinj E710, o DT50P Lite alcança: Mais de 1300 etiquetas por segundo taxa de leitura, Distância de leitura superior a 15 m, Suporte para Impinj Gen2X. Isto significa ciclos de inventário mais rápidos, menos etiquetas perdidas e maior produtividade em geral. Construído com um processador Qualcomm Octa-core de 2,45 GHz e Android 13, o novo DT50P Lite oferece a velocidade e a flexibilidade que as suas aplicações empresariais exigem. Experimente tempos de resposta rápidos e um desempenho sem falhas, mesmo durante tarefas de grande volume. A bateria amovível de 6500mAh mantém o seu dispositivo alimentado durante todo o seu turno. Troque facilmente as baterias sem perder o ritmo, para que a sua equipa possa manter-se produtiva durante todo o dia. O DT50P Lite é utilizado em vários cenários industriais, tais como venda por grosso de roupa, gestão de jóias, inventário de retalho, inventário de bens, gestão de armazéns, etc.",RFID,venda,Urovo,,,,,un,,,,,,,,,,,,,,https://urovo-emea.com/wp-content/uploads/2024/02/dt50plite_1080x1080.webp,https://urovo-emea.com/wp-content/uploads/2024/02/dt50plite_side_1080x1080.webp|https://urovo-emea.com/wp-content/uploads/2024/02/dt50plite_front_1080x1080.webp|https://urovo-emea.com/wp-content/uploads/2024/02/dt50plite_back_1080x1080.webp|https://urovo-emea.com/wp-content/uploads/2024/02/dt50plite_top_1080x1080.webp,,"CPU:Qualcomm Octa-core 2,45 GHz|SO:Android 13|Memória:4 GB de RAM / 64 GB de ROM, compatível com DHC, SDXC, extensões até 256 GB|Ecrã:Ecrã de 5,7″ HD (resolução 720 x 1440)|Painel tátil:Painel tátil capacitivo ultrassensível, funciona com luvas e dedos molhados; Multi-toque|Dimensões:132 mm × 162,6 mm × 78 mm|Peso:498g|Potência:Bateria substituível de 3,85V/6.500mAh|Áudio:Altifalante (1,3 W), Microfone (cancelamento de ruído), Recetor|Digitalização:Motor de digitalização profissional, suporta códigos de barras 1D/2D e códigos de barras de ecrã|Câmara:Frente: 5MP Superior: Câmara traseira a cores com focagem automática de 13 MP e flash|Botões:Botão de digitalização *2, botão de alimentação, botão de volume +/-, botão definível pelo utilizador, botão de disparo do punho de pistola|Bluetooth:BT5.0+BR/EDR + BLE|Wi-Fi:2.4G/5G WIFI IEEE802.11a/b/g/n/ac/d/e/h/i/k/r/v/w/ax|WWAN:4G/3G/2G Nano-SIMx2|GPS:GPS, BEIDOU, GLONASS, Galileo, suporte AGPS|Vedação:IP67, queda múltipla de 1,2 m em betão à temperatura ambiente|Parâmetro ambiental:Temperatura de funcionamento: -20°C~60°C (-4°F~140°F) Temperatura de armazenamento: -40°C~70°C (-40°F~158°F) Humidade: 5%RH~95%RH (sem condensação)",ativo
UROVO-U2S,U2S Mobile Wearable Device,"Built for the Fast-Paced Mobile Workforce\n\nWork smarter and faster with the Urovo U2S — a lightweight, wearable computer designed to keep your hands free and your productivity high. Whether you’re in logistics, manufacturing, retail, or field services, the U2S delivers reliable performance in a sleek, rugged form factor that moves with you.\n\nHands-free, worry-free\n\nWith its compact, ergonomic wearable design, the U2S offers hands-free mobility that boosts efficiency and reduces fatigue. At just 275g, it’s lighter and more compact than ever—made for all-day wear.\n\nSay goodbye to lag and hello to lightning-fast, reliable connections. The U2S supports Wi-Fi 6E with 2×2 MU-MIMO, delivering:\n\nTap. Connect. Go.\n\nStay connected with the devices that power your day. The U2S features in-display NFC for effortless tap-to-pair functionality — ideal for quick syncing with accessories and secure authentication.\n\nBuilt tough, and built to Expand\n\nThanks to Bluetooth 5.3, you can instantly connect to a wide range of devices including ring scanners, headsets, mobile printers, and RFID readers, tailoring your setup to your specific workflow needs. The new U2S is IP65-rated (dustproof and waterproof) and drop protected from 1.5m,\n\nAlways On with Hot-Swap Power\n\nDowntime is not an option. With a 2600mAh hot-swappable battery, the U2S keeps running as long as you do — swap batteries without powering down.\n\n4” Rugged Display, Ready for Anything\n\nNavigate with ease on the ultra-sensitive 4.0-inch touchscreen, optimized for gloves and wet conditions. A 13MP rear camera with flash adds powerful photo capabilities for documentation and proof of delivery.",Wearable Devices,venda,Urovo,,,,,un,,,,,,,,,,,,,,https://urovo-emea.com/wp-content/uploads/2024/05/U2S_front_1080x1080.webp,https://urovo-emea.com/wp-content/uploads/2024/05/U2S_front_side_1080x1080.webp|https://urovo-emea.com/wp-content/uploads/2024/05/U2S_front_side_1080x1080.webp|https://urovo-emea.com/wp-content/uploads/2024/05/U2S_front_side_1080x1080.webp,,"CPU:Octa-core 2.4GHz processor|OS:Android 14|Memory:4GB RAM / 64GB ROM|Display:4″ screen 480×800 pixel|Touchpanel:Ultra sensitive capacitive touch panel, works with gloves and wet fingers; Multi-touch screen|Dimensions:118mm × 91mm × 18mm|Weight:275g|Power:Rechargeable, removable 2,600mAh battery (with Hot Swap)|Audio:Dual speaker, microphone|Scanning:–|Camera:Rear: 13MP Autofocus with flash LED|Buttons:Power button, Menu button, Home, Back, F1, F2|Bluetooth:BT5.3 + BR/EDR + BLE (Bluetooth Low Energy)|Wi-Fi:2.4G/5G dual band, IEEE 802.11a/b/g/n/ac/d/h/i/k/r/v/w/mc/ax Wi-Fi 6E; 2×2 MU-MIMO|WWAN:–|GPS:–|Sealing:IP65, multiple 1.5m drop at room temperature|Environmental parameters:Operating Temperature: – 20°C~ 60°C Storage Temperature: – 40°C~70°C Humidity: 5%RH ~ 95%RH (non condensing)",ativo
UROVO-RT40S,Computador Industrial Móvel RT40S,"Aumente a eficiência do seu armazém. Simplifique as operações com este computador móvel de última geração, equipado com um potente motor de digitalização 1D e 2D. Localize rapidamente os produtos, elimine os atrasos nas encomendas e efectue o inventário sem interrupções, sem interromper o seu processo comercial. Com o Urovo RT40, aumentará a sua velocidade de negociação até 5X, minimizará os erros e evitará faltas de stock. É a sua melhor ferramenta para um fluxo de trabalho mais inteligente, mais rápido e mais fiável. Varrimento de alcance super longo. Equipado com um motor de leitura único de alcance super longo, pode reconhecer facilmente produtos de prateleiras altas a uma distância de até 15 m. O motor de leitura profissional suporta códigos de barras 1D/2D universais internacionais. Resistência ao frio. O RT40 está equipado com um ecrã profissional anti-condensação. O ecrã e a janela de leitura são automaticamente aquecidos a uma temperatura baixa. Mesmo a 30°C negativos, pode ser utilizado normalmente à temperatura ambiente. Forte proteção para garantir a segurança. É à prova de pó e de água com uma classificação profissional IP68 e resistência a quedas de 1,8 m. Bateria de troca a quente. Suporta hot-swap, pelo que a bateria pode ser substituída imediatamente sem desligar, protegendo eficazmente os dados e evitando a perda de informações importantes. A bateria de grande capacidade de 5200 mAh suporta carregamento rápido e pode ser totalmente carregada em menos de 3 horas. Desempenho ultra elevado. É alimentado pelo Android 10 e está equipado com uma CPU Octa-core. A câmara de 13MP grava emergências no local a qualquer hora e em qualquer lugar. WiFi super estável. Com o PA duplo incorporado, o alcance da transmissão Wi-Fi é maior, reduzindo significativamente os custos de implementação da rede da empresa. O seu roaming Wi-Fi optimizado, o baixo atraso de comutação de roaming e a taxa de perda de pacotes ultra-baixa mantêm os dispositivos online em qualquer altura para conseguir uma intercomunicação de dados em tempo real.",Dispositivos robustos,venda,Urovo,,,,,un,,,,,,,,,,,,,,https://urovo-emea.com/wp-content/uploads/2023/08/RT40S-1.jpg,https://urovo-emea.com/wp-content/uploads/2023/08/RT40S-2.jpg|https://urovo-emea.com/wp-content/uploads/2023/08/RT40S-3.jpg|https://urovo-emea.com/wp-content/uploads/2023/08/RT40S-4.jpg|https://urovo-emea.com/wp-content/uploads/2023/08/RT40S-5.jpg,,"CPU:Processador Qualcomm octa-core de 2,45 GHz|SO:Android 13 (GMS e AER), atualizável para Android 17|Memória:4GB RAM / 64GB ROM standard 8 GB de RAM / 128 GB de ROM opcional|Ecrã:Ecrã de 4″ 480×800 pixéis|Painel tátil:Painel tátil capacitivo ultrassensível, funciona com luvas e dedos molhados; Corning Gorilla Glass; ecrã multi-toque|Dimensões:199 mm × 58 mm × 29 mm|Peso:425g|Potência:Bateria recarregável e amovível de 5.200mAh (com Hot Swap)|Áudio:Auricular, altifalante, microfone Suporte PTT, volume do altifalante superior a 110dB a 10cm|Digitalização:Gama standard / Gama alargada Suporte para todos os códigos de barras 1D/2D standard em papel ou ecrã|Câmara:Traseira: 13MP Autofocus com flash LED|Botões:Frente 38 teclas (opcional: 29 ou 51 teclas), Vol +/-, botões Scan ×2, botão Custom ×1|Bluetooth:BT5.0 + BR/EDR + BLE (Bluetooth Low Energy)|Wi-Fi:2.4G/5G de banda dupla, IEEE 802.11a/b/g/n/ac/d/h/i/k/r/v/w/mc/ax Wi-Fi 6; 2×2 MU-MIMO|WWAN:4G/3G/2G 1×Ranhura Nano-SIM, 1×PSAM/SIM (auto-adaptação)|GPS:GPS, GLONASS, BeiDou Suporta A-GPS|Vedação:IP68, queda múltipla de 1,8 m em betão à temperatura ambiente|Parâmetros ambientais:Temperatura de funcionamento (versão de cadeia de frio): - 30°C~50°C (Equipado com aquecedor para o ecrã e janela do gerador de imagens) Temperatura de funcionamento (versão standard): - 20°C~50°C Temperatura de armazenamento: - 40°C~70°C Humidade: 5%RH ~ 95%RH (sem condensação)",ativo
UROVO-007,,,Dispositivos Móveis,venda,Urovo,,,,,un,,,,,,,,,,,,,,,,,,ativo
UROVO-FR2000,Leitor de secretária Urovo FR2000 UHF,"Leitor RFID de secretária com desempenho excecional. Equipado com o chip Impinj E710 de última geração e algoritmos proprietários, o novíssimo FR2000 atinge uma precisão de leitura excecional de até 99,9%. O invólucro metálico robusto elimina a fuga de sinal, assegurando leituras precisas das etiquetas e evitando leituras cruzadas para uma maior precisão. Alimentado via USB com suporte opcional para PoE (Power over Ethernet). Um único cabo USB Type-C ou ligação Ethernet RJ45 permite a transmissão de dados e o fornecimento de energia, simplificando a implementação e reduzindo os custos de manutenção. Equipado com uma interface USB 2.0 tipo C, Bluetooth 5.0 e conetividade Ethernet RJ45. O FR2000 é compatível com dispositivos Windows, Android e iOS, garantindo uma integração perfeita em várias plataformas. O FR2000 suporta múltiplas frequências e adere ao protocolo internacional ISO 18000-6C (EPC C1G2), tornando-o ideal para leitura e escrita de etiquetas UHF de frequência total. O novo FR2000 vem com um indicador LED e um sinal sonoro incorporados para um feedback instantâneo, reduzindo o risco de leituras de etiquetas falhadas.",RFID,venda,Urovo,,,,,un,,,,,,,,,,,,,,https://urovo-emea.com/wp-content/uploads/2023/08/FR2000_front_1080x1080.jpg.webp,https://urovo-emea.com/wp-content/uploads/2023/08/FR2000_top_down_1080x1080.jpg.webp|https://urovo-emea.com/wp-content/uploads/2023/08/FR2000_front_1080x1080.jpg.webp|https://urovo-emea.com/wp-content/uploads/2023/08/FR2000_top_down_1080x1080.jpg.webp,,"Dimensões:325 mm x 325 mm x 20 mm|Peso:1850g|RFID:Baseado no design do Impinj E710, suporta totalmente as etiquetas do protocolo 18000-6C (EPC CLASS1 G2) Banda de frequência de 840~960MHz (personalização de frequência opcional) Transmissão FHSS ou de frequência fixa, suporta RSSI Potência de saída RF até 30dbm (ajustável) Antena incorporada, distância efectiva de leitura típica ＜50cm|Potência:Fonte de alimentação USB 2.0 tipo C (POE opcional)|Interfaces:Suporta interface USB2.0 tipo C, Bluetooth 5.0, RJ45|Temperatura de funcionamento:-20℃ ～ +50℃|Temperatura de armazenamento:-40℃ ～ +70℃|Humidade:5%RH～95%RH (sem condensação)|Vedação:IP54|ESD:+/-15kv Ar; +/-8kv contacto",ativo
UROVO-CT58S,CT58S Mobile Device,"O novo CT58S: Ergonômico e Robusto. Projetado para máxima portabilidade, o CT58S apresenta um corpo robusto e elegante com uma enorme tela de 5,5 polegadas. Experimente um feedback cristalino com o alto-falante de alta potência (100dB+). Leia sem esforço códigos 1D/2D/DPM com seu poderoso motor e sensor de alta resolução.

**Tecnologia mais recente**
– Processador octa-core de alto desempenho com 2.0GHz
– Android 12
– Certificação IP67, especificação de queda de 1,5m
– 2GB RAM / 32GB de memória (opcional: 4GB / 64GB)

**Tela de 5,5″ com tela sensível ao toque**
Grande tela com resolução de 720×1440 pixels, visível mesmo sob forte luz solar externa. Tela sensível ao toque de alta sensibilidade para operação ininterrupta com luvas, mãos molhadas ou caneta touch em qualquer clima.

**Motor de digitalização profissional**
Resposta em milissegundos para leitura rápida de códigos 1D/2D, mesmo quando desgastados, amassados, deformados, enrolados, rasgados, manchados ou danificados.

**Bateria enorme**
Bateria substituível de 5.000mAh que dura de 8 a 12 horas. Suporta carregamento rápido para ser totalmente carregada em 3 horas.

**Alça de mão incluída**
O CT58S vem com uma alça de mão que pode ser montada diretamente na parte traseira do terminal.

**Vedação IP67, revestimento de vidro Corning para fornecer a proteção mais forte**
À prova de poeira, à prova d'água de 1m e teste de queda de 1,5m aprovado.

**Fique conectado em qualquer lugar, a qualquer hora**
Com o Bluetooth 5.0, as velocidades de transmissão são duplicadas em comparação com a versão 4.2, e a área de cobertura é expandida em 4 vezes. Isso permite uma transmissão de dados mais rápida e confiável, enquanto menos energia é necessária para uma maior duração da bateria.

**Alto nível de robustez garante operação confiável**
Construído com confiabilidade e durabilidade em mente, este dispositivo foi projetado para funcionar perfeitamente mesmo nas condições operacionais mais desafiadoras e adversas.

**Urovo MDM e MAM**
A Urovo desenvolveu um conjunto completo de ferramentas de gerenciamento de dispositivos, incluindo MDM, MAM, KMS, etc., totalmente compatíveis com o novo CT58S.",Rugged Devices,venda,Urovo,,,,,un,,,,,,,,,,,,,,https://urovo-emea.com/wp-content/uploads/2023/05/CT58-Urovo-front.webp,https://urovo-emea.com/wp-content/uploads/2023/05/CT58S-Image-2.webp|https://urovo-emea.com/wp-content/uploads/2023/05/CT58S-Image-3.webp,,"CPU:Qualcomm octa-core 2.0GHz processor|OS:Android 12|Memory:2GB RAM / 32GB ROM standard 4GB RAM / 64GB ROM optional|Display:5.5″ screen 720×1440 pixel|Touchpanel:Ultra sensitive capacitive touch panel, works with gloves and wet fingers; Corning Gorilla Glass; Multi-touch screen|Dimensions:156.9mm × 72.3mm × 16.9mm|Weight:266g (incl. battery)|Power:Rechargeable, removable 5,000mAh battery|Audio:1.5W speaker, microphone (noise-cancellation), receiver (optional)|Scanning:1D/2D imager, supports standard barcode symbologies|Camera:Front: 5MP (optional) Rear: 13MP Autofocus with flash LED (1080p Video recording)|Buttons:Power button, Vol +/-, Scan buttons ×2|Bluetooth:BT5.0 + BR/EDR + BLE (Bluetooth Low Energy)|Wi-Fi:2.4G/5G dual band, IEEE 802.11a/b/g/n/ac/d/h/i/k/r/v/w|WWAN:4G/3G/2G 1×Nano-SIM slot, 1×eSIM (optional)|GPS:GPS, GLONASS, BeiDou A-GPS supported|Sealing:IP67, multiple 1.5m drop to concrete at room temperature|Environment parameter:Operating Temperature: – 10°C~50°C Storage Temperature: – 40°C~70°C Humidity: 5%RH ~ 95%RH (non condensing)",ativo
UROVO-K220,Urovo K220 - Ultra rugged wireless scanner,"K220 é a nova solução de scanner sem fio da Urovo com certificação IP54 e especificação de queda de 1,8m. Ele é ergonomicamente projetado para uso extensivo. Possui um motor de digitalização profissional e um sensor de alta resolução de 1280×1080 px, capaz de ler até mesmo códigos de barras minúsculos de 3mil com uma velocidade de decodificação de 25ms por código. Sistema de iluminação variável de cor dupla em vermelho e branco. Ajusta-se automaticamente com base nos tipos de código de barras e fundos para maior legibilidade. Suporta várias opções de conexão, incluindo USB-HID, porta serial virtual USB e RS232. Plug and play, e compatível com Windows XP/7/8/10, Android, Linux, etc. Feedback de digitalização em tempo real através de motor de vibração, campainha e lembrete de LED.",Scanner,venda,Urovo,,,,,un,,,,,,,,,,,,,,https://urovo-emea.com/wp-content/uploads/2023/07/K200_1_1080x1080.jpg.webp,,,"Image Sensor:1280*1080, 1.3MP, CMOS|lllumination:Warm white LED & red LED|Aimer:650mm laser|Decode Capabilities:1D: UPC-A, UPC-E, EAN-8, EAN-13, ISBN, Code 128, GS1-128, ISBT 128, Code 39, Code93, Code 11, Interleaved 2 of 5, Industrial 2 of 5, Matrix 25, Standard 25, Codabar, MSI/MSIPLESSEY, GS1DataBaretc. 2D:QRCode, DataMatrix, PDF417 etc.|Resolution:≥3mil|Dimensions:72 x 98 x 186mm|Weight:200g|Scanning Feedback:Vibration motor, buzzer, and LED reminder|Scan Angle:Roll angle 360°, pitch angle ±60°, skew angle + 60°|Sealing:1P54, 1.8m drop resistance|Environmental parameter:Operating temperature:-20~50°C, Storage temperature: -40~70°C, Humidity: 5%~95% (non-condensing) Ambient light immunity: 0~100000 LUX ESD:±16kV air discharge, ±8kV direct discharge",ativo
UROVO-K388S,Impressora de etiquetas móvel Urovo K388S,"Conheça a nova impressora de etiquetas móvel Urovo K388S com um ecrã de 5,7 polegadas, abertura da tampa com um toque, Android 11 e recomendada para Android Enterprise. Permita uma digitalização, impressão e aplicação mais rápidas com um dispositivo tudo-em-um, garantindo um tratamento rápido das mercadorias recebidas, etiquetas promocionais e danificadas no retalho, ou devoluções e gestão de inventário no armazenamento e logística. A etiquetagem rápida de 1,5 segundos, com uma velocidade de até 126 mm/s, garante um funcionamento rápido e eficiente, poupando tempo e aumentando a produtividade. A bateria amovível de 32,4 Wh proporciona 18-20 horas de trabalho e suporta a tecnologia hot-swap para um funcionamento ininterrupto sem desligar. Suporta dois métodos de carregamento para maior flexibilidade e comodidade. A estrutura em forma de pistola oferece uma aderência confortável e anti-derrapante, enquanto o design de equilíbrio médio minimiza a fadiga do pulso, garantindo facilidade de utilização. Com um ecrã TFT a cores de 5,7 polegadas totalmente colado, este dispositivo oferece uma ampla área de visualização, permitindo aos utilizadores aceder a mais informações num relance.",Impressoras móveis,venda,Urovo,,,,,un,,,,,,,,,,,,,,https://urovo-emea.com/wp-content/uploads/2024/04/K388S_2_1080x1080.webp,https://urovo-emea.com/wp-content/uploads/2024/04/K388S_2_1080x1080.webp|https://urovo-emea.com/wp-content/uploads/2024/04/K388S_2_1080x1080.webp|https://urovo-emea.com/wp-content/uploads/2024/04/K388S_2_1080x1080.webp|https://urovo-emea.com/wp-content/uploads/2024/04/K388S_2_1080x1080.webp|https://urovo-emea.com/wp-content/uploads/2024/04/K388S_2_1080x1080.webp|https://urovo-emea.com/wp-content/uploads/2024/04/K388S_2_1080x1080.webp|https://urovo-emea.com/wp-content/uploads/2024/04/K388S_2_1080x1080.webp|https://urovo-emea.com/wp-content/uploads/2024/04/K388S_2_1080x1080.webp|https://urovo-emea.com/wp-content/uploads/2024/04/K388S_2_1080x1080.webp,,"CPU:Processador Qualcomm octa-core de 2,45 GHz|SO:Android 11|Memória:4GB RAM / 64GB ROM|Ecrã:Painel de 5,7 polegadas, 720×1440 pixéis|Painel tátil:Painel tátil capacitivo ultrassensível, suporta multi-toque, funciona com luvas e dedos molhados|Dimensão:198mm ×105mm × 170mm|Peso:772g (sem papel e bateria), 946g (com bateria)|Alimentação:Recarregável 10.8V 3,000mAh|Digitalização:Motor de digitalização profissional, suporta códigos de barras 1D/2D de padrão internacional|Botões:Botão PWR, botão Vol+/-, botão de leiturax2, botão personalizado|WiFi:Wi-Fi 6E, 2.4G/5G, IEEE 802.11a/b/g/n/ac/d/h/i/k/r/v/w/mc/ax, Roaming: 802.11r (Over the Air);OKC/;PMKID caching|Vedação:queda múltipla de 1,2 m em betão à temperatura ambiente|Parâmetro ambiental:Temperatura de funcionamento: 5°C~40°C; Temperatura de armazenamento: 40°C~60°C; Humidade: 5%RH ~ 90%RH (sem condensação)",ativo
UROVO-DT66,DT66,"O DT66 é o novo computador móvel empresarial robusto da Urovo, com um ecrã de 6,5 polegadas líder na sua classe, Wi-Fi 6E e 5G, bem como uma bateria de 5.000 mAh de troca a quente. O DT66 funciona com Android 13 e é totalmente certificado pelo GMS e AER. Ecrã de grandes dimensões sem moldura, com resolução de 720×1600. Ecrã multi-toque de alta sensibilidade para um funcionamento ininterrupto com luvas, mãos molhadas ou uma caneta tátil em qualquer clima. O novo DT66 tem o seu chip NFC integrado no ecrã, o que torna as transacções de pagamento muito fáceis e convenientes. Tal como todos os nossos computadores empresariais, o novo DT66 também inclui o mais recente motor de código de barras para a gama standard e avançada. Suporta todos os códigos de barras 1D/2D de padrão internacional e códigos apresentados no ecrã. A bateria amovível tem uma capacidade de 5.000mAh, fornecendo energia robusta e duradoura para uma utilização prolongada. A sua caraterística de destaque é o suporte para troca a quente, permitindo aos utilizadores substituir a bateria sem desligar o dispositivo. Esta funcionalidade garante um funcionamento ininterrupto, tornando-o ideal para ambientes exigentes onde a utilização contínua é fundamental. À prova de poeiras, à prova de água a 1 m e aprovado no teste de queda de 1,5. Punho de gatilho ergonómico, suportes com várias ranhuras e bota robusta para maior durabilidade. O conjunto completo de ferramentas de gestão de dispositivos da Urovos, incluindo MDM, MAM, KMS, etc., é totalmente compatível com o DT66.",Dispositivos robustos,venda,Urovo,,,,,un,,,,,,,,,,,,,,https://urovo-emea.com/wp-content/uploads/2024/06/DT66_AER_700x700.webp,https://urovo-emea.com/wp-content/uploads/2024/06/DT66_AER_700x700.webp|https://urovo-emea.com/wp-content/uploads/2024/06/DT66_AER_700x700.webp,,"CPU:Processador Qualcomm octa-core de 2,4 GHz|SO:Android 13 com GMS (atualizável para Android 18)|Memória:4GB RAM / 64GB ROM standard, 8 GB de RAM / 128 GB de ROM opcional|Ecrã:Painel de 6,5 polegadas, 720×1600 píxeis|Painel tátil:Painel tátil capacitivo ultrassensível, suporte multi-toque, funciona com luvas e dedos molhados|Dimensões:175,8 mm × 76,5 mm × 14,5 mm|Peso:280g|Potência:Recarregável 3.85V 5,000mAh, suporte para troca a quente|Áudio:Microfone duplo com cancelamento de ruído, altifalante de 1,5 W para ruído intenso, o recetor suporta cancelamento de eco|Digitalização:Motor de digitalização profissional com gama padrão/avançada, suporte de código de barras 1D/2D padrão internacional, suporte de código de barras apresentado no ecrã|Câmara:Frente: 5MP FF, Traseira: 13MP PDAF, câmara iToF opcional|Botões:Botão PWR, botão Vol+/-, botão de digitalização x 2, botão personalizado|Bluetooth:BT5.2 + BR/EDR + BLE|Wi-Fi:Wi-Fi 6E, 2.4G/5G, IEEE 802.11a/b/g/n/ac/d/h/i/k/r/v/w/mc/ax, 2*2 MU-MIMO, Roaming: 802.11r (Over the Air);OKC/;PMKID caching|WWAN:5G/4G/3G/2G 1 × ranhuras Nano-SIM|GPS:GPS, BEIDOU, GLONASS, Galileo, QZSS|Vedação:IP68; queda múltipla de 1,5 m sobre betão à temperatura ambiente|Parâmetro ambiental:Temperatura de funcionamento: - 20°C~60°C (-4°F~140°F), Temperatura de armazenamento: - 40°C~70°C (-40°F~158°F), Humidade: 5%RH ~ 95%RH (sem condensação)",ativo
UROVO-I2000,Terminal de pagamento inteligente i2000,"O i2000 tem um corpo mini, de bolso, com funções ricas e um desempenho poderoso. O ecrã de 4″ é o ideal, tornando o i2000 requintado na aparência e compacto na estrutura. Todos os pagamentos estão disponíveis, banda magnética, chip e pin EMV, sem contacto/NFC, código QR. O sistema é alimentado pelo Android 9.0 e um processador Qualcomm quad-core de 1,3 GHz de alta velocidade, proporcionando um forte desempenho. Um módulo de leitura profissional é opcional para ler códigos de barras e códigos QR de forma eficiente.",Terminais de pagamento,venda,Urovo,,,,,un,,,,,,,,,,,,,,https://urovo-emea.com/wp-content/uploads/2024/02/i2000_3_1080x1080.jpg,https://urovo-emea.com/wp-content/uploads/2024/02/i2000_2_1080x1080.jpg|https://urovo-emea.com/wp-content/uploads/2024/02/i2000_4_1080x1080.jpg|https://urovo-emea.com/wp-content/uploads/2024/02/i2000_1_1080x1080.jpg,,"CPU:AP: QM215, Quad-core 1.3GHz, SP: MH 1901H|SO:Android 9|Memória:RAM: 1GB, ROM: 8GB (2GB, 16GB opcional)|Ecrã:4 polegadas TFT-LCD, 480×800|Dimensão:133,5 mm × 70 mm × 17 mm|Peso:195g|Alimentação:Recarregável 3.8V, 2,500mAh, tecnologia de polímero de lítio|Pagamento:Cartão magnético, cartão IC, cartão sem contacto|Certificação:PCI PTS 6.x, EMV L1&L2, Master- Card TQM, EMV Contactless L1, MasterCard Contactless, Visa PayWave, CE|Leitura:Suporta a leitura de códigos de barras 1D/2D (descodificação da câmara traseira), motor de leitura 2D (opcional)|Câmara:Traseira 2MP FF (5MP AF opcional)|Botões:Botão PWR, botão Vol+/-, botão personalizado|Comunicação via rádio:FDD-LTE, TDD-LTE, WCDMA, CDMA2000, CDMA, GSM, Bluetooth: BT 4.1+BR/EDR+BLE Wi-Fi:802.11 b/g/n 2.4GHz|GPS:GPS, A-GPS, BEIDOU, GLONASS|LED de notificação:LED de notificação sem contacto, LED de alimentação azul/amarelo/verde/vermelho|Altifalante:(1W), campainha|Interfaces:1xTipo C (transferência de dados e carregamento, USB OTG 2.0) Pogopin (2 pinos)|Parâmetro ambiental:Temperatura de funcionamento: 0°C~50°C, Temperatura de armazenamento: -20°C~70°C, Humidade: 5%RH~95%RH (sem condensação)",ativo
UROVO-I5000,i5000 POS inteligente Android,"Baseado no Android 10 para uma experiência de utilizador superior e confortável, o i5000 da Urovo proporciona uma experiência de pagamento fiável e segura. Experiência de utilizador Android moderna: Baseado no Android 10 para uma experiência de utilizador superior e confortável. Ergonómico e leve: Mais fino, mais leve, construído para ser utilizado com uma só mão. Teclado numérico de 19 teclas: Garanta a fiabilidade e a exatidão dos dados introduzidos pelos utilizadores. Pino de pogo opcional: Ligue o HUB multifunções para cenários de bancada.",Terminais de pagamento,venda,Urovo,,,,,un,,,,,,,,,,,,,,https://urovo-emea.com/wp-content/uploads/2024/02/i5000_1_1080x1080.jpg.webp,https://urovo-emea.com/wp-content/uploads/2023/04/i5000_2_1080x1080.jpg.webp|https://urovo-emea.com/wp-content/uploads/2023/04/i5000_3_1080x1080.jpg.webp|https://urovo-emea.com/wp-content/uploads/2023/04/i5000_4_1080x1080.jpg.webp,,"CPU:Quad-Core 1.4GHz|SO:Android 10|Memória:RAM: 1GB, ROM: 8GB (2GB, 16GB opcional)|Ecrã:2,4 polegadas TFT-LCD HD, 320×240|Dimensão:160mm×79mm×55mm|Alimentação:Recarregável 3.7V, 2,600mAh|Pagamento:Cartão magnético, cartão IC, cartão sem contacto|Certificação:PCI PTS V6, EMV L1&L2, EMV Contactless, L1, MasterCard Contactless, Visa, PayWave, AMEX, Discover, Rupay, TQM, etc.|Impressão:Tipo de suporte: Papel de recibo, Tamanho do rolo do suporte: 40 mm, Largura do suporte: 58 mm Papel de impressão Resolução: 203 dpi (8 pontos/mm) Suporta impressão de códigos de barras 1D/2D|Digitalização:Suporta a leitura de códigos de barras 1D/2D (descodificação de câmara)|Câmara:0.3MP superior (2MP opcional)|Botões:Teclado de 19 teclas, Tecla numérica: 0-9, Tecla de menu, Tecla para cima/baixo, Tecla PWR, Tecla de cancelamento, Tecla de eliminação, Tecla Enter, Tecla F, Tecla alfa|Comunicação via rádio:4G/ 3G/ 2G, Bluetooth, Wi-Fi: IEEE 802.11 b/g/n 2.4GHz, IEEE 802.11 a/b/g/n/ac 2.4GHz/ 5GHz (opcional)|Interfaces:1xUSB-C (5 pinos pogo-pin opcional)|Parâmetro ambiental:Temperatura de funcionamento: 0°C~ 50°C, Temperatura de armazenamento: -20°C~70°C, Humidade: 5%RH~95%RH (sem condensação)|Acessórios:Base multifuncional, HUB multifuncional",ativo
UROVO-K200,K200 Scanner com fios ultra-resistente,"O K200 é a solução de scanner com fios da Urovo com certificação IP54 e especificação de queda de 1,8 m. Foi concebido ergonomicamente para uma utilização extensiva. Descodificação potente: Com um motor de leitura profissional e um sensor de elevado pixel de 1280 x 1080 px, capaz de ler códigos de barras minúsculos de 3mil com uma velocidade de descodificação de 25ms por código. Fontes de luz variáveis de duas cores: Sistema de iluminação comutável em vermelho e branco. Ajuste-o automaticamente com base nos tipos de códigos de barras e fundos para uma melhor legibilidade. Plug to Use, com compatibilidade com vários sistemas: Suporta várias opções de ligação, incluindo USB-HID, porta de série virtual USB e RS232. Plug para usar e compatível com Windows XP/7/8/10, Android, Linux, etc. Feedback de digitalização tridimensional: Feedback de digitalização em tempo real através de motor de vibração, campainha e lembrete LED.",Scanner,venda,Urovo,,,,,un,,,,,,,,,,,,,,https://urovo-emea.com/wp-content/uploads/2023/08/K200-1.png,,,"Sensor de imagem:1280*1080, 1.3MP, CMOS|Iluminação:LED branco quente e LED vermelho|Aimer:laser de 650 mm|Capacidades de descodificação:1D: UPC-A, UPC-E, EAN-8, EAN-13, ISBN, Código 128, GS1-128, ISBT 128, Código 39, Código93, Código 11, Interleaved 2 of 5, Industrial 2 de 5, Matrix 25, Standard 25, Codabar, MSI/MSIPLESSEY, GS1DataBar, etc. 2D: QRCode, DataMatrix, PDF417, etc.|Resolução:≥3mil|Dimensões:72 x 98 x 186 mm|Peso:200g|Feedback de digitalização:Motor de vibração, campainha e lembrete LED|Ângulo de varrimento:Ângulo de rotação 360°, ângulo de inclinação ±60°, ângulo de inclinação + 60°|Vedação:1P54, resistência a quedas de 1,8 m|Parâmetro ambiental:Temperatura de funcionamento: -20~50°C, Temperatura de armazenamento: -40~70°C, Humidade: 5%~95% (sem condensação) Imunidade à luz ambiente: 0~100000 LUX ESD: ±16kV descarga de ar, ±8kV descarga direta",ativo
UROVO-P8100H,Tablet robusto P8100H para cuidados de saúde,"O computador tablet empresarial P8100H altamente funcional tem um ecrã de 10,1″ e um motor de leitura 1D ou 2D. Facilita a procura de produtos nos armazéns e elimina os atrasos nas encomendas. Também lhe permite fazer o inventário sem parar o processo comercial. A caixa do Urovo P8100H é feita de materiais especiais para evitar a propagação de infecções. Super seguro para utilizar em ambiente hospitalar: Limpe o P8100H com álcool para evitar a propagação de infecções. Ecrã TFT a cores de 10,1″ com uma grande área de visualização que lhe permite ver mais informações num relance. Reconhecimento rápido de vários códigos 1D/2D, recolha precisa de dados para códigos manchados, danificados e deformados. Com uma CPU octa-core de alto desempenho e 2,2 GHz, o sistema operativo Android 10 permite-lhe uma computação mais rápida e uma experiência de utilização mais suave. Bateria de polímero amovível de 3,8V 10000mAh, super grande capacidade e durável. Altifalante duplo estéreo, cavidade de som BOX, captando um som de retorno claro mesmo em ambientes ruidosos. Vedação IP67, aprovação no teste de queda de 1,2 m, resistência a choques e aplicável a ambientes agressivos. Versão teclado | versão impressão digital ótica | versão ecrã eletromagnético. Os GPS gerais, que não suportam o posicionamento de alta precisão, não se podem adaptar a locais especializados que requerem um posicionamento de alta precisão, incluindo levantamento e mapeamento de engenharia, medição de energia, inspeção ferroviária e operações agrícolas e florestais. O módulo de posicionamento de alta precisão RTK tem a capacidade de obter resultados tridimensionais do local de teste no sistema de coordenadas designado, que pode atingir um nível de precisão de 1 cm. O P8100H ajuda-o a ter o melhor desempenho em aplicações profissionais, em oficinas de fabrico, armazéns de logística, locais de inspeção governamentais ou organizações de cuidados de saúde.",Cuidados de saúde,venda,Urovo,,,,,un,,,,,,,,,,,,,,https://urovo-emea.com/wp-content/uploads/2023/07/P8100H_front_1080x1080.jpg.webp,https://urovo-emea.com/wp-content/uploads/2023/07/P8100H_side_1080x1080.jpg.webp|https://urovo-emea.com/wp-content/uploads/2023/07/P8100H_side_2_1080x1080.jpg.webp|https://urovo-emea.com/wp-content/uploads/2023/07/P8100H_scanner_1080x1080.jpg.webp|https://urovo-emea.com/wp-content/uploads/2023/07/P8100H_side_3_1080x1080.jpg.webp|https://urovo-emea.com/wp-content/uploads/2023/07/P8100H_back_1080x1080.jpg.webp,,"CPU:Octa-core, 2.2GHz|SO:Android 10 com GMS (Google Mobile Services)|Memória:4GB RAM / 64GB ROM, cartão Micro SD, até 256GB|Ecrã:10,1″, 1920×1200 (FHD)|Painel tátil:Capacitivo, ecrã tátil múltiplo, suporte de luvas, dedo molhado e estilete passivo; eletromagnético (opcional)|Dimensões:255,4 x 175 x 18,5 mm|Peso:826g|Potência:Capacidade: 3,8V 10.000mAh|Áudio:Altifalantes duplos, microfones duplos, tomada de áudio|Digitalização:Leitor de códigos de barras 1D/2D; Pode ler todas as normas internacionais|Câmara:Frente: 5M Pixels Traseira: 13M Pixels, Lanterna|Botões:Vol+/-, tecla de alimentação, tecla de digitalização, P1~P8, tecla de função ; Vol+/-, tecla de alimentação, tecla de digitalização (modelo de impressão digital)|Bluetooth:BT5.0+BR/EDR + BLE|Wi-Fi:2.4G/5G WIFI, IEEE 802.11a/b/g/n/ac/d/e/h/i/k/r/v/w|WWAN:4G/3G/2G, Nano-SIM x 2|GPS:GPS, A-GPS, BEIDOU, GLONASS, Galileo, RTK de alta precisão (Precisão0,01m) (Opcional)|Vedação:IP67 (sem impressão digital), IP54 (com impressão digital), queda múltipla de 1,2 m em betão à temperatura ambiente|Parâmetro ambiental:Temperatura de funcionamento: -20°C~60°C Temperatura de armazenamento: -40°C~70°C Humidade: 5%RH~95%RH (sem condensação)",ativo
UROVO-DT50D,Computador tátil robusto DT50D - Agora com Android 13,"O DT50D, com a sua antena UHF perfeitamente integrada na parte de trás, oferece-lhe poderosas capacidades de leitura de tags: Leia vários tags a uma distância de até 1,5 m para recolha e gestão de dados em movimento. Grande ecrã sem moldura, resolução Full HD, visível mesmo sob forte luz solar exterior. Ecrã tátil de alta sensibilidade para um funcionamento ininterrupto com luvas, mãos molhadas ou uma caneta tátil em qualquer clima. Aplicável a lojas de retalho, joalharias, cofres de bancos, bilheteiras, hospitais, etc. Leia várias etiquetas RFID a distâncias de até 1,5 m. Resposta em milissegundos para leitura rápida de códigos 1D/2D, mesmo quando desgastados, enrugados, deformados, enrolados, rasgados, manchados ou danificados. Bateria substituível de 5.000mAh com uma duração de 8-12h. Suporta carregamento rápido para ficar totalmente carregado em 3h. À prova de poeiras, à prova de água a 1 m e aprovado no teste de queda de 1,5. Suporte para módulo NFC para mais aplicações de passagem de cartões. Punho de gatilho ergonómico. Módulo de impressão digital com certificação de segurança internacional. Punho da pistola RFID de longa distância de alto desempenho. A Urovo desenvolveu um conjunto completo de ferramentas de gestão de dispositivos, incluindo MDM, MAM, KMS, etc., totalmente compatíveis com o DT50D.",RFID,venda,Urovo,,,,,un,,,,,,,,,,,,,,https://urovo-emea.com/wp-content/uploads/2024/05/DT50D_frontback.png.webp,https://urovo-emea.com/wp-content/uploads/2024/05/DT50D_back.png.webp|https://urovo-emea.com/wp-content/uploads/2024/05/DT50D_side.png.webp|https://urovo-emea.com/wp-content/uploads/2024/05/DT50D_UHF.png.webp,,"CPU:Processador Qualcomm octa-core de 2,45 GHz|SO:Android 13|Memória:4GB RAM / 64GB ROM|Ecrã:Ecrã de 5,7″ 720×1440 pixéis|Painel tátil:Painel tátil capacitivo ultrassensível, funciona com luvas e dedos molhados; Corning Gorilla Glass; ecrã multi-toque|Dimensões:162,8 mm × 76 mm × 13,6 mm (espessura máxima: 21,9 mm)|Peso:307g|Potência:Bateria recarregável e amovível de 5.000mAh|Áudio:Altifalante de 1,5 W, microfone (cancelamento de ruído), recetor (opcional)|Digitalização:Imagiador 1D/2D, suporta simbologias de código de barras padrão|Câmara:Frente: 5MP Traseira: 13MP Autofocus com flash LED|Botões:Botão de alimentação, Vol +/-, botões de pesquisa ×2, botão personalizado ×1|Wi-Fi:2.4G/5G de banda dupla, IEEE 802.11a/b/g/n/ac/d/h/i/k/r/v/w, preparado para IEEE 802.11ax|WWAN:Ranhura 4G/3G/2G 2×Nano-SIM|GPS:GPS, GLONASS, BeiDou Suporta A-GPS|Vedação:IP67, queda múltipla de 1,5 m em betão à temperatura ambiente|Parâmetro ambiental:Temperatura de funcionamento: - 10°C~ 60°C Temperatura de armazenamento: - 40°C~ 70°C Humidade: 5%RH ~ 95%RH (sem condensação)",ativo
UROVO-018,,,Dispositivos Móveis,venda,Urovo,,,,,un,,,,,,,,,,,,,,,,,,ativo
UROVO-DT50S,Computador tátil robusto DT50S - agora com Android 13,"Com o DT50S, tudo é possível - agora com imagiologia de alcance flexível 2D e Android 13. O DT50S é o principal computador móvel empresarial da Urovo, repleto de funcionalidades topo de gama, incluindo um ecrã de 5,7"" líder na sua classe, um processador potente, um carregamento rápido super-rápido e o seu sistema operativo Android para máxima compatibilidade com as plataformas de software líderes da indústria. O DT50S suporta 4G, Bluetooth e WiFi para criar capacidades de roaming sem falhas, com um design leve de apenas 250g.",Dispositivos robustos,venda,Urovo,,,,,un,,,,,,,,,,,,,,https://urovo-emea.com/wp-content/uploads/2023/07/DT50S-AER-Urovo.webp,https://urovo-emea.com/wp-content/uploads/2023/07/Urovo-DT50S.webp|https://urovo-emea.com/wp-content/uploads/2023/07/DT50S-back.webp,,"CPU:Processador Qualcomm octa-core de 2,45 GHz|SO:Android 13 com GMS (opcional Android 11)|Memória:4GB RAM / 64GB ROM|Ecrã:Ecrã TFT-LCD de 5,7″ com luz solar 720×1440 pixéis, 283 ppi; 1080×2160 pixéis, 424 ppi|Painel tátil:Painel tátil capacitivo ultrassensível, funciona com luvas e dedos molhados; Corning Gorilla Glass; Multi-toque|Dimensão:162,6 mm × 76 mm × 13,6 mm; 6,4 pol. × 3 pol. × 0,53 pol.|Peso:250g/8.8oz (inclui bateria)|Alimentação:Recarregável 3.85V 4,300mAh, 6,000mAh (opcional)|Áudio:Microfone duplo com cancelamento de ruído, altifalante de alta qualidade, suporte para auricular PTT|Digitalização:gerador de imagens 1D/2D, suporte PDF417, microQR, Honeywell 2D Extended FlexRange™|Câmara:Frontal - 5MP, Traseira - 16MP auto-focus a cores, câmara com flash|Botões:Botão de digitalização ×2, botão de alimentação, botão de volume +/-, botão programável pelo utilizador|Bluetooth:BT5.0 BLE (Bluetooth Low Energy)|WiFi:2.4G/5G IEEE 802.11a/b/g/n/ac/d/e/h/i/k/r/v/w 2X2 MU-MIMO|WWAN:Ranhuras 4G/3G/2G 2×Nano-SIM|GPS:GPS; GLONASS; BeiDou. Suporta A-GPS|Vedação:IP67; queda múltipla de 1,5 m em betão à temperatura ambiente.|Parâmetro ambiental:Temperatura de funcionamento: 20°C~60°C (-4°F~140°F); Temperatura de armazenamento: 40°C~70°C (-40°F~158°F); Humidade: 5%RH ~ 95%RH (sem condensação)",ativo
UROVO-DT50H,DT50H,"Terminal móvel de dados médicos - Health guardian

Módulo térmico integrado de qualidade médica: Capaz de ler temperaturas com uma taxa de erro de ±0,3° Celsius.
Construído sobre a comprovada plataforma Urovo DT50 que é utilizada por grandes marcas globais como a Walmart, DHL, Tesco e outras.
Inclui Android 9, com ecrã de 5,7″, uma queda de 1,5 m e muito mais (consulte a brochura em anexo)
Este dispositivo foi concebido para aplicações móveis em que é necessária a leitura da temperatura do corpo humano.

Medição da temperatura corporal por infravermelhos

Equipado com um módulo de medição da temperatura por infravermelhos térmicos de qualidade médica, produz uma temperatura corporal exacta em tempo real; algoritmo de compensação da temperatura, medição exacta da temperatura e erro de medição de apenas ±0,3°C.

Materiais antibacterianos e esterilizáveis

A caixa é feita de materiais antibacterianos que cumprem a norma JISZ2801, o que significa que suporta a desinfeção convencional de desinfectantes comuns e é resistente a toalhetes com álcool. Ao limpar o dispositivo, pode prevenir eficazmente a propagação de infecções bacterianas.

Forte desempenho operacional

Processador Qualcomm octa-core de alta velocidade, velocidade operacional ultra-elevada e consumo de energia ultra-baixo;
design de antena ultra-resistente, roaming WiFi sem falhas, todas as redes 4G e transmissão de dados sem interrupções.

Ecrã avançado de grandes dimensões

O grande ecrã de 5,7"" ajuda o pessoal médico a obter informações de forma eficiente.
O ecrã tátil de alta sensibilidade e super-brilhante continua a ser claramente visível sob luz forte no exterior.

Aplicação integrada de registo anti-pandémico

O software de registo anti-pandémico criado pela UROVO pode ser utilizado para a medição da temperatura corporal por infravermelhos em tempo real e para o controlo da informação do pessoal, como a leitura de cartões de identificação e a obtenção de fotografias. Pode também registar e exportar informações como a identidade do pessoal, a temperatura corporal e a hora em qualquer altura, para que a situação possa ser controlada.

Intercomunicador de voz eficiente

Pode estabelecer rapidamente um grupo de voz através da plataforma de intercomunicação de voz em rede incorporada.
Através do serviço de comando de voz, a informação de voz é convertida em texto através de uma tecla, e é enviada para o software de aplicação através de transmissão para executar comandos de voz.

Ferramentas de gestão de dispositivos

A U-Home oferece aos utilizadores uma série de ferramentas práticas de gestão de dispositivos e dá um novo ímpeto ao trabalho.","Cuidados de saúde, Dispositivos robustos",venda,Urovo,,,,,un,,,,,,,,,,,,,,https://urovo-emea.com/wp-content/uploads/2021/11/DT50H_03.png.webp,https://urovo-emea.com/wp-content/uploads/2021/11/DT50H_03.png.webp,,"CPU:Processador Qualcomm octa-core de 64 bits|SO:Android 9 Pie com suporte para GMS|Memória:2 GB de RAM / 16 GB de ROM, 4 GB de RAM / 64 GB de ROM (opcional), cartão Micro SD, até 256 GB de extensões|Ecrã:Ecrã de 5,7″ HD (720 x 1440 píxeis) com luz solar Opcional: Ecrã de 5,7″ FHD (2160×1080 píxeis) com luz solar|Painel tátil:Painel tátil capacitivo ultrassensível, funciona com luvas e dedos molhados; Corning Gorilla Glass; Multi-toque|Dimensão:6,4in× 3in× 0,53in (162,6mm× 76mm×13,6mm)|Peso:265g/9,3oz (inclui bateria)|Alimentação:Bateria recarregável de polímero de lítio de 3,85V 4300mAh|SIM:2 ranhuras para Nano-SIM|Áudio:Suporte de microfone duplo com cancelamento de ruído, altifalante de alta qualidade, suporte de auricular PTT; voz de comutação de circuito celular|Leitura:gerador de imagens 1D/2D, suporta a descodificação de códigos de barras 1D/2D|Câmara:Frontal - 5MP, Traseira - câmara traseira a cores de 13MP com auto-focus e flash|Botões:Botão de digitalização ×2, botão de alimentação, botão de volume +/-, botão definível pelo utilizador|Bluetooth:BT4.2 + BR/EDR+ BLE|WiFi:2.4G/5G WIFI IEEE 802.11a/b/g/n/ac|WWAN:4G/3G/2G|GPS:GPS simultâneo; GLONASS; Gallileo; BeiDou e A-GPS|Vedação:IP67 Queda múltipla de 1,5 m em betão à temperatura ambiente.|Parâmetro ambiental:Temperatura de funcionamento: -20°C~60°C (-4°F~140°F), Temperatura de armazenamento: -40°C~70°C (-40°F~158°F), Humidade: 5%RH ~ 95%RH (sem condensação)",ativo
UROVO-DT40,Computador tátil robusto Urovo DT40 - agora com Android 12,"O DT40 é o computador móvel empresarial da Urovo que é um leitor de códigos de barras ideal para utilização em aplicações de retalho, logística, armazenamento ou fabrico. Tem um teclado incorporado, um processador potente e um motor de leitura integrado para leitura de códigos de barras 1D ou 2D. É alimentado pelo sistema operativo Android para máxima compatibilidade com as plataformas de software líderes da indústria. O DT40 suporta 4G, Bluetooth e WiFi para criar capacidades de utilização sem fios fáceis de utilizar com o seu design leve, pesando apenas 240 g com a bateria.",Dispositivos robustos,venda,Urovo,,,,,un,,,,,,,,,,,,,,https://urovo-emea.com/wp-content/uploads/2021/09/DT40_front_700x700.png.webp,https://urovo-emea.com/wp-content/uploads/2021/09/DT40_front_2_700x700.png.webp|https://urovo-emea.com/wp-content/uploads/2021/09/DT40_front_700x700.png|https://urovo-emea.com/wp-content/uploads/2021/09/DT40_front_back_2_700x700.png.webp|https://urovo-emea.com/wp-content/uploads/2021/09/DT40_front_back_700x700.png.webp,,"CPU:Processador Qualcomm 1.8GHz Octa core 64bit|SO:Android 12 com suporte GMS|Memória:2 GB de RAM / 16 GB de ROM (opcional), 3 GB de RAM / 32 GB de ROM (padrão)|Ecrã:4″ WVGA (480 x 800 pixéis) TFT-LCD|Painel tátil:Painel tátil capacitivo ultrassensível, funciona com luvas e dedos molhados; Corning Gorilla Glass; Multi-toque|Dimensão:164,5 mm × 68,6 mm × 17,5 mm, 6,48 pol. × 2,7 pol. × 0,69 pol.|Peso:240g/8.47oz (inclui bateria)|Alimentação:Bateria recarregável de iões de lítio de 3,8 V/4.500 mAh|Áudio:Suporte de microfone duplo com cancelamento de ruído, altifalante de alta qualidade|Digitalização:Laser 1D ou gerador de imagens 1D/2D, a partir de dezembro de 2023: Scanner de gama média SE55|Câmara:Câmara frontal de 2 MP, câmara traseira de 13 MP com focagem automática e flash LED|Teclado:Teclado virtual, teclado físico|Bluetooth:BT4.2+BR/EDR+BLE|WiFi**: 2.4G/5G 802.11a/b/g/n/ac/d/e/h/i/k/r/v/w IPv4, IPv6  \n**WWAN:2 ranhuras Nano-SIM, Dual-SIM, Dual-Standby|GPS:GPS, Beidou, Glonass, suporte A-GPS|Vedação:IP67 Queda múltipla de 1,5 m em betão à temperatura ambiente.|Parâmetro ambiental:Temperatura de funcionamento: -20°C~60°C (-4°F~140°F), Temperatura de armazenamento: - 40°C~70°C (-40°F~158°F), Humidade: 5%RH ~ 95%RH (sem condensação)",ativo
UROVO-FR1000,Scanner FR1000 UHF da Urovo,"Design robusto e durável para ambientes difíceis. A caixa do FR1000, fabricada em alumínio fundido, possui uma gestão térmica superior que assegura um desempenho e um rendimento estáveis, oferecendo a durabilidade de que necessita para garantir o tempo de funcionamento - mesmo em áreas de trabalho húmidas e poeirentas, calor extremo ou temperaturas negativas. Poder de computação sem paralelo. Equipado com um CPU Octa-core de 1,6 GHz de alto desempenho, o FR1000 está equipado com um forte poder de processamento para gerir simultaneamente vários processos. Leitura rápida de etiquetas RFID em lotes. O chip Impinj E710 integrado, líder na indústria, e a tecnologia de Cancelamento de Auto-Atolamento (SJC) permitem que o FR1000 seja equipado com uma taxa de leitura mais elevada. Pode capturar um máximo de 1000+ etiquetas RFID/segundo. Segurança reforçada. O FR1000 permite-lhe alterar manualmente os endereços IPv6 e monitorizar proactivamente a rede, melhorando a segurança e protegendo a sua privacidade. Implementação flexível sem tomada de alimentação adicional. O FR1000 suporta o modo de alimentação PoE+ (802.3at 25.5W). Pode ser instalado de forma flexível na posição desejada sem tomadas de alimentação adicionais, reduzindo significativamente o tempo e os custos de instalação. Design robusto e durável para ambientes difíceis. A caixa do FR1000, fabricada em alumínio fundido, possui uma gestão térmica superior que assegura um desempenho e um rendimento estáveis, oferecendo a durabilidade de que necessita para garantir o tempo de funcionamento - mesmo em áreas de trabalho húmidas e poeirentas, calor extremo ou temperaturas negativas. Grande compatibilidade e precisão melhorada. Oito portas de antena SMA externas melhoram a precisão e aumentam o alcance da leitura. A tecnologia anti-interferência independente da antena WiFi/Bluetooth e da antena GPS melhora significativamente a eficiência da comunicação. Ferramentas de gestão eficientes. Equipado com interfaces HDMI, RJ45, RS232, GPIO e outras interfaces integradas, o FR1000 pode gerir centralmente várias ferramentas numa variedade de aplicações RFID.",RFID,venda,Urovo,,,,,un,,,,,,,,,,,,,,https://urovo-emea.com/wp-content/uploads/2023/05/FR1000_side_2.jpg.webp,https://urovo-emea.com/wp-content/uploads/2023/05/FR1000_top_view.jpg.webp|https://urovo-emea.com/wp-content/uploads/2023/05/FR1000_antenna_view.jpg.webp|https://urovo-emea.com/wp-content/uploads/2023/05/FR1000_back_view.jpg.webp|https://urovo-emea.com/wp-content/uploads/2023/05/FR1000_side_view.jpg.webp,,"CPU:Processador Qualcomm Octa-core de 1,6 GHz e 64 bits|SO:Android 10|Memória:2GB RAM / 16GB ROM|Dimensões:180mm×128mm×28mm|Vídeo:Saída de vídeo em formato HD 1920×1200|Antena:Antena GPS, antena WiFi/Bluetooth|Botões:Botão de pesquisa *2, botão de ligar/desligar, botão de volume +/-, botão definível pelo utilizador, botão de disparo Pistol Grip|Bluetooth:BT4.2+BR/EDR+BLE|WiFi:WiFi de banda dupla 2.4G/5G Bluetooth 5.0|GPS:GPS, BEIDOU, GLONASS|Parâmetro ambiental:Temperatura de funcionamento: -30°C~70°C, Temperatura de armazenamento: -40°C~85°C, Humidade: 5%RH~95%RH(Sem condensação)",ativo
UROVO-CT58,Dispositivo móvel CT58,"O CT58: Ergonómico e rápido. Concebido para a máxima portabilidade, o CT58 apresenta um corpo elegante com um enorme ecrã de 5,5 polegadas. Experimente um feedback cristalino com o altifalante de alta potência (100dB+). Leia sem esforço os códigos 1D/2D/DPM com o seu potente motor e sensor de alta resolução. Tecnologia de ponta: Processador octa-core de alto desempenho com 2,0 GHz. Android 12. 2 GB de RAM / 32 GB de memória (opcional: 4 GB / 64 GB). Ecrã de 5,5″ com ecrã tátil: Ecrã de grandes dimensões com resolução de 720×1440 pixels, visível mesmo sob forte luz solar exterior. Ecrã tátil de alta sensibilidade para um funcionamento ininterrupto com luvas, mãos molhadas ou uma caneta tátil em qualquer clima. Ângulo de varrimento de 25 graus especialmente concebido: Os operadores podem ler facilmente os códigos de barras à mesma altura do dispositivo, sem necessidade de o inclinar, eliminando a fadiga do pulso. Motor de digitalização profissional: Resposta em milissegundos para leitura rápida de códigos 1D/2D, mesmo quando desgastados, enrugados, deformados, enrolados, rasgados, manchados ou danificados. Bateria enorme: Bateria substituível de 5.000mAh com duração de 8-12h. Suporta carregamento rápido para ficar totalmente carregado em 3h. Vedação IP65, caixa de vidro Corning para lhe proporcionar a mais forte proteção: À prova de poeiras, à prova de água a 1 m e aprovado no teste de queda de 1,5. Mantenha-se ligado em qualquer lugar, a qualquer hora: Com o Bluetooth 5.0, as velocidades de transmissão são duplicadas em comparação com a versão 4.2 e a área de cobertura é alargada 4 vezes. Isto permite uma transmissão de dados mais rápida e fiável, ao mesmo tempo que é necessária menos energia para uma maior duração da bateria. O elevado nível de robustez garante um funcionamento fiável: Construído tendo em mente a fiabilidade e a durabilidade, este dispositivo foi concebido para funcionar na perfeição, mesmo nas condições de funcionamento mais difíceis e severas. Urovo MDM e MAM: A Urovo desenvolveu um conjunto completo de ferramentas de gestão de dispositivos, incluindo MDM, MAM, KMS, etc., totalmente compatíveis com o CT58.","Full Touch, Dispositivos robustos",venda,Urovo,,,,,un,,,,,,,,,,,,,,https://urovo-emea.com/wp-content/uploads/2023/08/CT58_front_1.png.webp,https://urovo-emea.com/wp-content/uploads/2023/08/CT58_front_2.png.webp|https://urovo-emea.com/wp-content/uploads/2023/08/CT58_front_3.png.webp|https://urovo-emea.com/wp-content/uploads/2023/08/CT58_front_4.png.webp|https://urovo-emea.com/wp-content/uploads/2023/08/CT58_front_5.png.webp,,"CPU:Processador Qualcomm octa-core de 2,0 GHz|SO:Android 12|Memória:2 GB de RAM / 32 GB de ROM padrão, 4 GB de RAM / 64 GB de ROM opcional|Ecrã:Ecrã de 5,5″ 720×1440 pixéis|Painel tátil:Painel tátil capacitivo ultrassensível, funciona com luvas e dedos molhados; Corning Gorilla Glass; Multi-toque|Dimensão:155 mm × 71 mm × 16,8 mm|Peso:265g (inclui a bateria)|Alimentação:Bateria recarregável e amovível de 5.000mAh|Áudio:Altifalante de 1,5 W, microfone (cancelamento de ruído), recetor (opcional)|Leitura:gerador de imagens 1D/2D, suporta simbologias de códigos de barras padrão|Câmara:Frontal: 5MP (opcional), traseira: 13MP Autofocus com flash LED|Botões:Botão de alimentação, Vol +/-, botões de digitalização ×2|Bluetooth:BT5.0 + BR/EDR + BLE (Bluetooth Low Energy)|WiFi:2.4G/5G de banda dupla, IEEE 802.11a/b/g/n/ac/d/h/i/k/r/v/w|WWAN:Ranhura 4G/3G/2G 1×Nano-SIM, 1×eSIM (opcional)|GPS:Suporta GPS; GLONASS; BeiDou, A-GPS|Vedação:IP65; queda múltipla de 1,5 m em betão à temperatura ambiente|Parâmetro ambiental:Temperatura de funcionamento: 10°C~50°C; Temperatura de armazenamento: 40°C~70°C; Humidade: 5%RH ~ 95%RH (sem condensação)",ativo
UROVO-CT48,Dispositivo móvel CT48,"Concebido para a máxima portabilidade, o CT48 possui um corpo elegante com um teclado numérico de grandes dimensões que evita toques acidentais e garante conforto durante uma utilização prolongada. Experimente um feedback cristalino com o altifalante de alta potência (100dB+). Leia sem esforço os códigos 1D/2D/DPM com o seu potente motor e sensor de alta resolução.",Dispositivos robustos,venda,Urovo,,,,,un,,,,,,,,,,,,,,https://urovo-emea.com/wp-content/uploads/2023/04/Urovo-CT48-Front-1.webp,https://urovo-emea.com/wp-content/uploads/2023/04/Urovo-CT48-Front-1.webp|https://urovo-emea.com/wp-content/uploads/2023/04/Urovo-CT48-Back-1.webp|https://urovo-emea.com/wp-content/uploads/2023/04/Urovo-CT48-Front-2.webp|https://urovo-emea.com/wp-content/uploads/2023/04/Urovo-CT48-Side-1.webp,,"CPU:Processador Qualcomm octa-core de 2,0 GHz|SO:Android 12|Memória:2 GB de RAM / 32 GB de ROM padrão, 4 GB de RAM / 32 GB de ROM opcional|Ecrã:Ecrã de 4,0″ com 480×800 píxeis|Painel tátil:Painel tátil capacitivo ultrassensível, funciona com luvas e dedos molhados; Corning Gorilla Glass; Multi-toque|Dimensão:165,7 mm × 66 mm × 18 mm|Peso:252g (inclui a bateria)|Alimentação:Bateria recarregável e amovível de 5.000mAh|Áudio:Altifalante de 1,5 W, microfone (cancelamento de ruído), recetor (opcional)|Leitura:gerador de imagens 1D/2D, suporta simbologias de códigos de barras padrão|Câmara:Frontal: 2MP (opcional), traseira: 13MP Autofocus com flash LED|Botões:Botão de digitalização ×3, botão de alimentação, tecla Fn, teclas de direção ×4, teclas de função ×2|Bluetooth:BT5.0 + BR/EDR + BLE (Bluetooth Low Energy)|WiFi:2.4G/5G de banda dupla, IEEE 802.11a/b/g/n/ac/d/h/i/k/r/v/w|WWAN:Ranhura 4G/3G/2G 1×Nano-SIM|GPS:GPS; GLONASS; BeiDou, compatível com A-GPS|Vedação:IP65; queda múltipla de 1,5 m em betão à temperatura ambiente|Parâmetro ambiental:Temperatura de funcionamento: 10°C~50°C; Temperatura de armazenamento: 40°C~70°C; Humidade: 5%RH ~ 95%RH (sem condensação)",ativo
UROVO-DT610,DT610 RFID,"O DT610 combina design de smartphone com desempenho de nível industrial para oferecer o futuro da captura de dados móveis. Com RFID UHF de curto alcance integrado, um ecrã FHD+ vívido de 6 polegadas e conectividade ultrarrápida (5G, Wi-Fi 7), ele capacita a sua equipa a mover-se mais rapidamente, digitalizar de forma mais inteligente e operar em qualquer lugar. Pesando quase nada, mas repleto de energia — é o companheiro ideal para retalho, logística, armazém e operações de campo. Apoiado pelo Android 15 (atualizável para 19), opções de bateria hot-swappable e rastreamento UWB avançado, o DT610 está pronto para o que o seu dia exigir.",RFID,venda,Urovo,,,,,un,,,,,,,,,,,,,,https://urovo-emea.com/wp-content/uploads/2024/09/urovo_dt610_launch1080x1080_1.webp,https://urovo-emea.com/wp-content/uploads/2024/09/urovo_dt610_launch1080x1080_1.webp|https://urovo-emea.com/wp-content/uploads/2024/09/DT610-front-view.webp|https://urovo-emea.com/wp-content/uploads/2024/09/DT610-close-up.webp|https://urovo-emea.com/wp-content/uploads/2024/09/DT610-back-view.webp,,Não disponível na página.,ativo
UROVO-DT50P,DT50P - Terminal portátil inteligente RFID UHF,"Terminal portátil inteligente RFID UHF - Super-resistência com um design superior. Como um excelente leitor RFID portátil, a antena RFID interna de alta sensibilidade de 5dBi do DT50P pode cobrir uma gama de leitura mais abrangente, permitindo uma leitura rápida de um grande número de etiquetas RFID num raio de 20m. A antena RFID de alta sensibilidade de 5dBi tem uma gama de varrimento mais ampla para permitir a leitura de etiquetas RFID num raio de 20 m em grandes quantidades. Com a tecnologia de cancelamento de interferência auto-adaptativa (SIC), pode lidar facilmente com ambientes complexos com interferência de metal. Com a tecnologia de identificação, pode reduzir eficazmente a blindagem ou a sobreposição de ângulos mortos e ler etiquetas de alta densidade sem problemas. A pega ergonómica, o design antiderrapante e anti-fadiga permitem que os utilizadores não se sintam cansados mesmo após uma utilização prolongada. Material de alta dissipação de calor e tecnologia de design, combinando com algoritmo optimizado, baixo consumo de energia, rápida dissipação de calor, suportando 2 horas de leitura ininterrupta de códigos, resistência de longa duração. Equipado com um módulo de leitura de códigos profissionais internacionais, o DT50P pode ler rapidamente os códigos de barras internacionais universais 1D/2D/distorcidos/manchados/antigos. IP65 à prova de pó e à prova de água, teste de queda de 1,2 m aprovado para garantir uma qualidade fiável. O DT50P adapta-se a temperaturas de funcionamento de -20~+60°C, mesmo nos ambientes mais adversos. O DT50P é utilizado em vários cenários industriais, tais como venda por grosso de roupa, gestão de jóias, inventário de retalho, inventário de activos, gestão de armazéns, etc.",RFID,venda,Urovo,,,,,un,,,,,,,,,,,,,,https://urovo-emea.com/wp-content/uploads/2023/08/DT50P_01.png.webp,https://urovo-emea.com/wp-content/uploads/2023/08/DT50P_02.png.webp|https://urovo-emea.com/wp-content/uploads/2023/08/DT50P_03.png.webp,,"CPU:Processador Qualcomm Octa-core de 2,45 GHz e 64 bits|SO:Android 13|Memória:4 GB de RAM / 64 GB de ROM, compatível com DHC, SDXC, extensões até 256 GB|Ecrã:Ecrã de 5,7″ HD (resolução 720 x 1440)|Painel tátil:Painel tátil capacitivo ultrassensível, funciona com luvas e dedos molhados; Corning Gorilla Glass; Multi-toque|Dimensões:143,3 mm × 169 mm × 90,5 mm|Peso:678g|Potência:Bateria substituível de 3,85V/9000mAh|Áudio:Altifalantes, duplos, microfones, auriculares, recetor|Digitalização:Motor de digitalização profissional, suporta códigos de barras 1D/2D e códigos de barras de ecrã|Câmara:Frente: 5MP Traseira: Câmara traseira a cores com focagem automática de 13 MP e flash|Botões:Botão de digitalização *2, botão de alimentação, botão de volume +/-, botão definível pelo utilizador, botão de disparo do punho de pistola|Bluetooth:BT5.0+BR/EDR + BLE|Wi-Fi:2.4G/5G WIFI IEEE802.11a/b/g/n/ac|WWAN:4G/3G/2G Nano-SIMx2|GPS:GPS, BEIDOU, GLONASS, Galileo, suporte AGPS|Vedação:IP67, queda múltipla de 1,2 m em betão à temperatura ambiente|Parâmetro ambiental:Temperatura de funcionamento: -20°C~60°C (-4°F~140°F) Temperatura de armazenamento: -40°C~70°C (-40°F~158°F) Humidade: 5%RH~95%RH (sem condensação)",ativo
UROVO-K329,Impressora móvel K329,"Muito compacta, leve e extremamente portátil: A impressora K329. Suporta diferentes materiais de impressão, incluindo adesivo sensível ao calor e notas sensíveis ao calor. A K329 é ideal para aplicações como logística, venda a retalho, entrega direta na loja (DSD) e aplicação da lei. O K329 suporta dois modos de comunicação Bluetooth para alta velocidade e eficiência energética. Garante uma ligação estável com o dispositivo anfitrião. Também suporta vários modos de emparelhamento, incluindo o emparelhamento por NFC para tornar o K329 tão fácil de utilizar. Para além da função Bluetooth, o K329 também suporta a função WIFI opcional para satisfazer diferentes exigências e ambientes de trabalho. A K329 suporta a velocidade de impressão mais rápida da mesma classe. Pode imprimir até 120 mm por segundo. Graças ao seu design único, pode ajustar de forma inteligente a velocidade máxima de impressão de acordo com a alteração da voltagem da bateria. Resolução de impressão HD de 203 dpi que suporta impressão a duas cores e impressão de marcas de água. A K329 é fornecida com uma bateria de alta capacidade de 2500mAh e um consumo de energia muito baixo devido ao seu design. Pode proporcionar um tempo de funcionamento incrivelmente longo, imprimindo mais de 1200 etiquetas num ciclo de carga completo. A aplicação de edição WYSIWYG da Urovo Label tem muitos modelos predefinidos diferentes para o cliente escolher. O cliente pode utilizá-los tal como estão ou pode personalizá-los para satisfazer as suas necessidades reais em apenas alguns passos.",Impressoras Móveis,venda,Urovo,,,,,un,,,,,,,,,,,,,,https://en.urovo.com/upload/20230523/1684824350593.png,https://en.urovo.com/upload/20230523/1684824350593.png|https://en.urovo.com/upload/20230523/1684824350593.png|https://en.urovo.com/upload/20230523/1684824350593.png,,Memória RAM:8MB|Memória Flash:16MB|Dimensões:118mm*105mm*62mm|Peso:450g|Alimentação:Li-Ion 7.4V 2500mAh|Temperatura de Operação:0~50℃(32~122℉)|Temperatura de Armazenamento:-20~60℃(-4~140℉)|Modo de Impressão:Térmica Direta|Velocidade de Impressão:até 120mm/s|Umidade de Operação:20%~85% não-condensante|Largura da Mídia:42-80mm|Resolução:203dpi/8dots/mm|Tamanho Máximo do Rolo de Mídia:50mm|Conexão:USB Tipo-C,ativo
UROVO-SR5600,Urovo SR5600 Anel de leitura 2D para usar,"Anel de leitura 2D para usar. Suporta o uso de dedos e liberta facilmente as suas mãos, para que ambas possam fazer mais coisas; a eficiência do trabalho é duplicada. A Urovo também pode fornecer às empresas um conjunto completo de soluções industriais vestíveis. Pequeno e inteligente, liberta as suas mãos. Suporta o uso de dedos e liberta facilmente as suas mãos, para que ambas possam fazer mais coisas; a eficiência do trabalho é duplicada. A Urovo também pode fornecer às empresas um conjunto completo de soluções industriais vestíveis. Digitalização ultra-rápida, desempenho excecional. O motor de leitura com mira laser megapixel pode descodificar rapidamente códigos 1D e 2D. Quer se trate de um código deformado, distorcido ou no ecrã, pode ser capturado de uma só vez e o seu desempenho é comparável ao dos dispositivos PDA profissionais. Ligação rápida e emparelhamento fácil. A solução Bluetooth de modo duplo suporta Bluetooth de baixa energia BLE e Bluetooth clássico; suporta também uma variedade de métodos de emparelhamento rápido, incluindo o modo ""lista Bluetooth predefinida"", o modo ""emparelhamento por leitura de código"" e o modo ""ligação NFC"". Potência duradoura, bateria de longa duração. Suporta trabalho contínuo e sem interrupções durante 4 horas. Bateria de lítio amovível de grande capacidade de 800mAh incorporada. Em espera durante mais de 24 horas.",Dispositivos portáteis,venda,Urovo,,,,,un,,,,,,,,,,,,,,https://urovo-emea.com/wp-content/uploads/2021/09/Urovo-SR5600-Ring-Scanner-front.jpg.webp,https://urovo-emea.com/wp-content/uploads/2021/09/Urovo-SR5600-Ring-Scanner-top-view.jpg.webp|https://urovo-emea.com/wp-content/uploads/2021/09/Urovo-SR5600-Ring-Scanner-side.jpg.webp|https://urovo-emea.com/wp-content/uploads/2021/09/Urovo-SR5600-Ring-Scanner-back.jpg.webp|https://urovo-emea.com/wp-content/uploads/2021/09/Urovo-SR5600-Ring-Scanner-bottom.jpg.webp|https://urovo-emea.com/wp-content/uploads/2021/09/Urovo-SR5600-Ring-Scanner-front.jpg.webp,,Processor:High performance 1.2 GHz processor|Overall dimensions:62.9 x 31 x 18.2mm|Material:Alloy and PC|Waterproof grade:IP65|Battery:polymer lithium battery 3.8V/800mAh/Demountable|Communication mode:Dual-mode bluetooth NFC quick pairing (ISO15693)|Interface:pogo pin (4pin)|Prompt:Vibration Buzzer 3-color indicator LED|Buttons:Scanning key x 1 Power key (reset key) x 1|Scanning:SE2030(2D)/White fill-in light/Aiming by cross laser Decoding distance: 5-40 cm (subject to actual scenario) Decoding speed: Within 100 ms|Storage:Nor Flash 8MB|Environmental illumination:0-100000 LUX|ESD:Air ±15K Contact ±8K|Environment:Working temperature: -20°C~50°C 5%-95%RH (non-condensation status) Storage temperature: -30°C~70°C 5%-95%RH (non-condensation status)|Setting tools:Applet Local webpage Android APK The contents are the same as PDA scanning setting,ativo
UROVO-R70,R70 - Leitor de código de barras Bluetooth 2D para usar com anel,"O leitor de códigos de barras de anel Urovo R70 foi concebido para ler códigos de barras 1D e 2D. Este tipo de formato foi concebido para satisfazer as exigências de operações em mãos livres, em sectores como o armazenamento, operações de recolha e embalagem, entregas, logística e outros. O leitor de códigos de barras de anel Urovo R70 foi concebido para ler códigos de barras 1D e 2D. Este tipo de formato foi concebido para satisfazer as exigências de operações em mãos livres, em sectores como o armazenamento, operações de recolha e embalagem, entregas, logística e outros.",Dispositivos portáteis,venda,Urovo,,,,,un,,,,,,,,,,,,,,https://urovo-emea.com/wp-content/uploads/2023/07/R70.png,https://urovo-emea.com/wp-content/uploads/2023/07/R70-Image-2.png|https://urovo-emea.com/wp-content/uploads/2023/07/R70-Image-3.png|https://urovo-emea.com/wp-content/uploads/2023/07/R70-Image-4.png|https://urovo-emea.com/wp-content/uploads/2023/07/R70-Image-5.png,,"Motordedigitalização:2DSE2707(CMOS)|Bateria:1000mAh|Bluetooth:Bluetooth4.0|Botões:Tecladedigitalização,tecladealimentação,teclapersonalizada|Métododecarregamento:MicroUSB,PogoPin(baseUrovoU2)|Dimensões:66mmx44mmx24mm|Peso:65g|Garantia:12mesesDevoluçãoàbase",ativo
UROVO-U2,"U2 Mobile Device - Design mãos-livres - ecrã capacitivo de alta sensibilidade de 4,0″ Emparelhado com leitor de toques Bluetooth","O computador móvel U2 foi concebido para permitir que os trabalhadores operem no seu ambiente ""mãos-livres"" com o dispositivo preso ao seu antebraço. É uma óptima solução para o processamento de grandes volumes em locais de trabalho como armazéns, fabrico ou logística e transporte. Com o U2, o trabalho com as mãos livres é uma realidade, libertando novas possibilidades.\n\nO U2 é considerado um dos melhores computadores portáteis Android disponíveis no mundo e está agora disponível em mais de 50 países, sendo amplamente utilizado nos sectores dos transportes, logística, armazenamento, retalho, finanças, aplicação da lei, cuidados de saúde e outros.\n\nA Urovo é especializada na conceção e fabrico de terminais de computador portáteis, dispositivos POS portáteis, terminais RFID, leitores de códigos de barras e impressoras térmicas para os mercados comercial e empresarial. Os computadores móveis Urovo Android podem fornecer soluções para a captura de dados, melhorar a eficiência operacional e aumentar a produtividade dos funcionários.\n\nConcebida para os rigores do armazenamento, logística, fabrico, retalho e outros ambientes difíceis, a U2 tem uma garantia abrangente com prazos de entrega garantidos. Pode ser adaptada a várias utilizações com acessórios como um punho de gatilho ou um suporte de carregamento disponíveis.",Dispositivos portáteis,venda,Urovo,,,,,un,,,,,,,,,,,,,,https://urovo-emea.com/wp-content/uploads/2022/09/U2_01-1.png.webp,https://urovo-emea.com/wp-content/uploads/2022/09/U2-Image-2.png.webp|https://urovo-emea.com/wp-content/uploads/2022/09/U2-Image-3.png.webp|https://urovo-emea.com/wp-content/uploads/2022/09/U2-Image-4.png.webp,,"CPU:Quad-core 2.0GHz|SO:Android 10|Memória:RAM: 2GB ROM: 16GB|Ecrã:4.0″ 800×480|Painel tátil:Ultra sensível Suporte multi-toque, modo luva e mãos molhadas|Dimensão:118 x 91 x 18 mm|Peso:275g|Alimentação:3.7V 2600mAh|Áudio:Microfone, altifalante|Digitalização:Suporte 1D/2D, anel de leitura Bluetooth|Câmara:8MP de focagem automática com flash|Botões:Botão de alimentação, botão Menu, botão Início, botão Voltar, botão F1, botão F2|Bluetooth:Bluetooth 5.0, BR/EDR BLE|WiFi:2.4G/5G IEEE 802.11a/b/g/n/ac|WWAN:4G/ 3G/ 2G|GPS:GPS, A-GPS, BEIDOU, GLONASS, Galileo|Vedação:IP65 5 pés/1,5 m de queda|Parâmetro ambiental:Funcionamento: -10 ～ +50℃, Armazenamento: -40 ～ +70℃",ativo
UROVO-I9000S,i9000s,"Design profissional todo-poderoso para redefinir o pagamento industrial. O terminal POS inteligente i9000s suporta todos os canais de pagamento, incluindo métodos de pagamento móvel, como o pagamento NFC, Apple Pay, Samsung Pay, Alipay, WeChat Pay e Quick Pass.",Terminais de pagamento,venda,Urovo,,,,,un,,,,,,,,,,,,,,https://urovo-emea.com/wp-content/uploads/2023/07/i9000S_edit-1.png.webp,https://urovo-emea.com/wp-content/uploads/2023/07/payment.png.webp|https://urovo-emea.com/wp-content/uploads/2023/07/payment-1.png.webp|https://urovo-emea.com/wp-content/uploads/2023/07/payment-2.png.webp|https://urovo-emea.com/wp-content/uploads/2023/07/payment-3.png.webp,,"CPU:Quad-Core 1.3GHz|SO:Android 8.1, suporta vários idiomas|Memória:RAM: 2GB，ROM: 16GB|Ecrã:Ecrã a cores TFT-LCD HD (720×1280) de 5,0 polegadas|Painel tátil:Painel tátil capacitivo ultrassensível, funciona com luvas e dedos molhados|Dimensão:184mm×81mm×32mm (máx. 51mm), 550g (bateria incluída)|Alimentação:Bateria recarregável de polímero de lítio de 3,8 V, 5000 mAh, (tempo de funcionamento típico≥8 horas)|Cartão magnético:Suporta ISO7811/7812/7813, e suporta 1/2/3 pistas (pistas 1&2&3), bidirecional|Cartão com chip:Suporta a norma ISO7816|Cartão sem contacto:Suporta ISO15693, Suporta 14443A / 14443B, Suporta Mifare1, Sony Felica|Impressão:Papel de impressão de 58mm, 203dpi/8dot/mm; velocidade de impressão - 50-70mm/s, e suporta impressão de códigos de barras, rolo de suporte de 30mm|Digitalização:Laser 1D/imagem 2D|Câmara:Câmara de 5MP com flash LED e função de focagem automática|Botões:Frontal- Botão definível pelo utilizador×1, botão Cancelar×1, botão Confim×1, botão Limpar×1; Lateral-SCAN botãox2, botão Aumentar/Diminuir volume, botão Personalizar, botão Ligar ; Comunicação via rádio:Bluetooth - Bluetooth 4.1+BLE ; WiFi - 2,4GHz/5GHz 802.11 a/b/g/n comunicação sem fios ; 4G - WWAN|GPS:GPS, suporta A-GPS, GLONASS, Beidou|Parâmetro ambiental:Temperatura de funcionamento: -10°C~50°C (14°F~122°F); Temperatura de armazenamento: -40°C~70°C (-40°F~158°F); Humidade: 5%RH ~ 95%RH (sem condensação)",ativo
UROVO-K419,Impressora móvel K419,"Com um corpo compacto, cabe na palma da sua mão, combina com carteiras e pendentes e é fácil de transportar. Suporta os três principais sistemas operativos móveis: Windows, Android e iOS, e compatível com várias plataformas, como o programa WeChat mini. Suporta Bluetooth 4.2 com uma ligação estável. Com uma velocidade de impressão de 70 mm/s e um compartimento de papel grande com 50 mm de diâmetro, pode imprimir vários idiomas, números, gráficos e códigos de barras. Largura de impressão ajustada livremente, adaptando-se perfeitamente a rolos de papel de 2-3 polegadas em todas as especificações. Suporta a deteção de marcas pretas e de espaços e pode imprimir etiquetas auto-adesivas de diferentes tamanhos. A bateria de grande capacidade de 2600mAh assegura a longa duração do funcionamento em todo o lado. Design de encapsulamento na periferia, teste de queda de 1,5 m aprovado.",Impressoras móveis,venda,Urovo,,,,,un,,,,,,,,,,,,,,https://urovo-emea.com/wp-content/uploads/2021/09/k319_03-1.png.webp,,,"Dimensão:109mm*107mm*55mm|Peso:354g|Alimentação:Bateria de polímero de lítio recarregável de 2600mAh/7.4V|Bluetooth:2.1+4.2(BLE)|Temperatura de funcionamento:5~40℃(41°F~104°F)|Temperatura de armazenamento:-20~70℃(-4°F~158°F)|Tempo de carregamento:~2.5h|Modo de impressão:Térmico direto|Velocidade de impressão:70mm/s|Humidade de funcionamento:20~85%|Largura do suporte:42mm-80mm entre qualquer largura de impressão|Resolução:203dpi|Tamanho máximo do rolo de papel:50mm|Sistema de suporte:Windows CE/Mobile, Android, IOS|Tempo de espera:180-200h",ativo
UROVO-I9100,Terminal de pagamento i9100,"O POS inteligente mais económico. Apesar do seu tamanho de bolso, o Urovo i9100 suporta uma enorme variedade de opções de pagamento, o que o torna perfeito para uma grande variedade de comerciantes, desde PMEs a grandes retalhistas e operações de comércio eletrónico. Certificação financeira e garantia de segurança. Experiência de pagamento completa. Suporta a recolha de pagamentos por todos os canais. Abrange métodos de pagamento móveis, como o pagamento NFC, Apple Pay, Samsung Pay, Alipay, WeChat Pay e Quick Pass. Impressão rápida. Compartimento de 40 mm de diâmetro que suporta impressão térmica rápida. Ecrã grande de 5,5. Taxa de resolução HD com retroiluminação e controlo do nível de brilho para uma visão clara. Estável e eficiente. Processador quad-core de alto desempenho e Android 8.1. Proporcionando uma experiência de utilizador suave. Sistema de energia altamente optimizado. Equipado com uma bateria de grande capacidade de 5200 mAh para garantir um tempo de serviço super-longo. Base de acoplamento alargada para responder a várias exigências. Acessórios opcionais: Base de carregamento.",Terminais de pagamento,venda,Urovo,,,,,un,,,,,,,,,,,,,,https://urovo-emea.com/wp-content/uploads/2023/05/i9100_700x700-1.jpg.webp,https://urovo-emea.com/wp-content/uploads/2023/05/i9100-Image-2.webp|https://urovo-emea.com/wp-content/uploads/2023/05/i9100-Image-3.webp|https://urovo-emea.com/wp-content/uploads/2023/05/i9100-Image-4.webp|https://urovo-emea.com/wp-content/uploads/2023/05/i9100-Image-5.webp,,"CPU:Quad-Core 2.0GHz|SO:Android 12|Memória:RAM: 2GB, ROM: 16GB|Ecrã:5,5 polegadas TFT-LCD HD,1280×720|Ecrã tátil:Ecrã tátil capacitivo sensível UItra|Dimensão:188mm×81mm×35mm (máx. 61mm), 470g (bateria incluída)|Alimentação:Bateria recarregável de polímero de lítio de 3,7V, 5200mAh (tempo de funcionamento típico ≥8 horas)|Cartão magnético:Suporta ISO7811/7812/7813, e suporta pista tripla (pistas 1&2&3), bidirecional|Cartão com chip:Cumpre a norma ISO7816, PBOC LEVEL 1&2、EMV LEVEL1&2|Cartão sem contacto:Suporta 14443A e 14443B, MifareCard, Sony Felica, NFC 13.56MHz (leitor)|Impressão:Tipo de suporte: Papel de recibo Tamanho do rolo de suporte: 40 mm; Largura do suporte: 58 mm Papel de impressão; Resolução: 203dpi/8dot/mm; Velocidade de impressão: 50~70mm/s; Suporta impressão de códigos 1D/2Dbar|Digitalização:Suporta a leitura de códigos de barras 1D/2D (descodificação da câmara)|Câmara:Câmara traseira de 5MP, câmara frontal de 2MP (opcional)|Botões:Botão de início, botão de menu, botão de retrocesso, botão de volume +/-, botão de alimentação.|Comunicação via rádio:Bluetooth：Bluetooth 4.1+BR/EDR+BLE ; WiFi：IEEE 802.11 a/b/g/n 2.4GHz/5GHz ; 4G：WWWAN；Micro SIM\*1+SIM\*1|GPS:GPS, suporta A-GPS, GLONASS, BD, Galileo|Parâmetro do ambiente:Temperatura de funcionamento: 10°C~50°C (14°F~122°F); Temperatura de armazenamento: 40°C~70°C (-40°F~158°F); Humidade: 5%RH ~ 95%RH (sem condensação)",ativo
